k,Empirical Count,ER Expectation
1,99,99.0
2,98,98.00000000000001
3,0,1.293201374009455
4,0,0.0002558950012416951
5,0,8.098313918405232e-10
6,0,4.269187371119965e-17
7,0,3.8556617848839756e-26
8,0,6.089201964319322e-37
